BIN,BBL,year,affordability_flag
3029966,3012050028,2018,4
3030845,3012230053,2018,4
3049319,3017710005,2018,0
3029554,3011770030,2018,4
2097215,2029610025,2018,4
1062245,1020840049,2018,3
1062248,1020840053,2018,3
2009684,2029310013,2018,4
2009657,2029290078,2018,4
2009779,2029350028,2018,4
4457811,4161310001,2018,4
4457812,4161310001,2018,4
4457813,4161310001,2018,4
2092758,2036420001,2018,4
4298968,4156100001,2018,4
2003313,2025180001,2018,4
3057840,3020190040,2018,4
4258806,4119620043,2018,3
4239964,4111310006,2018,4
4256293,4117930074,2018,4
4255709,4117750206,2018,4
4255925,4117810267,2018,4
4253189,4116990051,2018,4
4255686,4117740550,2018,4
4255693,4117740559,2018,4
4260020,4119960131,2018,4
4259913,4119920097,2018,4
4209651,4098010002,2018,4
4217310,4102060037,2018,4
4220759,4103660143,2018,4
4259391,4119760045,2018,3
4247693,4114790029,2018,4
4215402,4100810019,2018,4
4254971,4117550005,2018,4
4262782,4121060024,2018,4
4221542,4104110006,2018,3
4435310,4124580005,2018,4
2014855,2032210015,2018,4
2013731,2031580043,2018,4
2008111,2028440033,2018,4
2028634,2039200029,2018,4
2028633,2039200024,2018,4
2023838,2037390067,2018,4
2023962,2037420070,2018,4
2007297,2027860002,2018,4
2003971,2025820034,2018,4
2014736,2032180009,2018,4
2023773,2037380033,2018,4
2002945,2024780012,2018,4
2027473,2038660027,2018,4
2027474,2038660029,2018,4
2009317,2028880028,2018,4
2092398,2031520018,2018,4
2092399,2031520018,2018,4
2092397,2031520018,2018,4
2004412,2026230054,2018,4
2023756,2037370032,2018,4
2007304,2027860030,2018,4
2009720,2029320015,2018,4
2007199,2027830042,2018,4
2007276,2027850024,2018,4
2002729,2024560023,2018,4
2007976,2028310024,2018,4
2007965,2028300013,2018,4
2002738,2024560055,2018,4
2003959,2025810028,2018,4
2003958,2025810026,2018,4
2004426,2026230180,2018,4
2008210,2028500016,2018,4
1026922,1010720001,2018,0
1079516,1012070001,2018,4
1082652,1012070001,2018,4
1032545,1012240058,2018,4
1053389,1017210003,2018,4
1053254,1017180027,2018,4
1059392,1019540055,2018,4
1082693,1019130040,2018,4
1058098,1019160025,2018,4
1057955,1019130040,2018,4
1057707,1019070008,2018,4
3056374,3019690022,2018,0
1082646,1010410011,2018,4
1055056,1018250059,2018,4
1089438,1010907502,2018,0
1085140,1010680003,2018,0
3033846,3012890001,2018,0
3322633,3018440050,2018,4
3052406,3018340072,2018,4
1063106,1021290046,2018,4
1026556,1010570013,2018,4
3116967,3050910037,2018,4
3010685,3007180030,2018,4
3010686,3007180032,2018,4
3012678,3007750063,2018,4
3030837,3012230042,2018,4
3030841,3012230047,2018,4
3031169,3012320006,2018,4
3031165,3012320001,2018,4
3031465,3012390014,2018,4
3031464,3012390013,2018,4
3031426,3012380040,2018,4
3030347,3012120063,2018,4
3037201,3013870007,2018,4
3037444,3013930058,2018,4
3115515,3050420035,2018,4
3028306,3011490052,2018,4
3030569,3012170007,2018,4
3030858,3012240002,2018,4
3029601,3011780051,2018,4
3059262,3021140001,2018,4
3059283,3021140033,2018,4
3322099,3017680078,2018,4
3049199,3017680073,2018,4
3030775,3012220041,2018,4
3037291,3013890020,2018,4
3048703,3017570018,2018,4
3029013,3011630054,2018,4
3031299,3012350050,2018,4
3043934,3016180008,2018,4
3043658,3016120049,2018,4
3028683,3011560067,2018,4
3324413,3011760009,2018,4
3032190,3012530017,2018,4
3030996,3012270014,2018,4
3338633,3017720010,2018,4
3043506,3016090001,2018,4
3043571,3016090079,2018,4
3048911,3017610034,2018,4
3048858,3017600051,2018,4
3048924,3017610056,2018,4
3043006,3015910017,2018,4
3324414,3011760009,2018,4
2047168,2042300015,2018,4
4432208,4023220001,2018,4
1052416,1016550023,2018,4
1051782,1016280002,2018,4
1051825,1016280103,2018,4
1051786,1016280006,2018,4
1051790,1016280010,2018,4
1051847,1016290030,2018,4
1051812,1016280049,2018,4
1051861,1016290065,2018,4
1051860,1016290064,2018,4
1051500,1016100009,2018,4
1051501,1016100013,2018,4
1052421,1016550029,2018,4
1052769,1016770038,2018,4
1053082,1017100019,2018,4
1053083,1017100021,2018,4
1053140,1017110121,2018,4
1051757,1016270022,2018,4
1051756,1016270021,2018,4
1078908,1016250071,2018,4
1051784,1016280004,2018,4
1053102,1017100021,2018,4
2091950,2026380001,2018,4
1018083,1008800073,2018,4
1004875,1003930006,2018,4
1004527,1003780004,2018,4
1077505,1003980055,2018,4
1076975,1004050042,2018,4
1004249,1003500023,2018,4
1004260,1003500039,2018,4
1004340,1003550062,2018,4
2092708,2036000004,2018,4
2092711,2036000004,2018,4
2092718,2036000004,2018,4
2092717,2036000004,2018,4
2092710,2036000004,2018,4
2092709,2036000004,2018,4
2003035,2025040036,2018,4
2014204,2031960010,2018,4
2002150,2024290034,2018,4
2002414,2024390022,2018,4
2008852,2028760170,2018,4
2008554,2028680127,2018,4
2014697,2032160052,2018,4
3063106,3024170039,2018,4
2051242,2044250001,2018,4
2003124,2025070029,2018,4
1010371,1005970050,2018,0
2001296,2023710029,2018,4
2002085,2024260062,2018,4
2001283,2023710001,2018,4
2001286,2023710006,2018,4
3338090,3017020001,2018,4
3338124,3017080001,2018,4
3338103,3017020001,2018,4
3338146,3017080001,2018,4
3338094,3017020001,2018,4
3338099,3017020001,2018,4
3338100,3017020001,2018,4
2012736,2030970016,2018,4
2004312,2026150057,2018,4
3326120,3020960006,2018,4
3326201,3020970015,2018,4
3346323,3040430001,2018,4
3323718,3040270001,2018,4
3337004,3040430001,2018,4
3346323,3040430001,2018,4
3346323,3040430001,2018,4
1079400,1017100036,2018,4
1053089,1017100031,2018,4
1054537,1017830034,2018,4
1054536,1017830031,2018,4
4458036,4051820009,2018,3
2003068,2025050046,2018,4
2001013,2023430012,2018,4
2005347,2026960075,2018,4
2002852,2024650025,2018,4
2002293,2024350015,2018,4
1061550,1020640036,2018,4
1004554,1003790034,2018,4
2001200,2023650025,2018,4
2091165,2023650020,2018,4
2091165,2023650020,2018,4
4032965,4013760032,2018,4
3012987,3007840045,2018,4
3259242,3008090007,2018,4
3013993,3008090002,2018,4
3014315,3008160037,2018,4
3324435,3008170005,2018,4
3014316,3008160042,2018,4
3014340,3008170001,2018,4
3012920,3007830021,2018,4
3012619,3007740059,2018,4
3013320,3007920024,2018,4
3013333,3007920056,2018,4
3014190,3008140020,2018,4
3324451,3008210012,2018,4
3387666,3008300033,2018,4
3324435,3008170005,2018,4
3341875,3007230067,2018,4
3341878,3007830021,2018,4
3013995,3008090004,2018,4
3012983,3007840038,2018,4
3391452,3008300035,2018,4
3347565,3030700010,2018,4
3347538,3019850014,2018,4
3335049,3019850014,2018,4
3178703,3066820045,2018,4
3178750,3066830052,2018,4
3073471,3032310001,2018,4
3396269,3011460046,2018,0
3398428,3017760067,2018,0
4003509,4002680008,2018,0
2001498,2023820037,2018,0
1083599,1007490024,2018,4
1083604,1007520001,2018,4
1078541,1007470001,2018,4
1013458,1007490001,2018,4
1082794,1007510001,2018,4
1082793,1007510001,2018,4
1082796,1007510001,2018,4
3037203,3013870018,2018,4
2000000,2029990042,2018,0
2087620,2025530002,2018,4
1059574,1019670069,2018,4
1059573,1019670067,2018,4
2127040,2026810024,2018,0
2016825,2032930135,2018,4
2017001,2033000023,2018,0
3101679,3046650005,2018,4
4271718,4126160031,2018,4
4261666,4120500042,2018,4
4278483,4129310082,2018,4
4201081,4094990031,2018,4
4280605,4130450028,2018,4
4265382,4122190048,2018,4
4285133,4132850057,2018,4
4457615,4103730007,2018,4
4237565,4110380068,2018,4
4235858,4109950009,2018,4
4234918,4109640134,2018,4
4233676,4109180046,2018,4
4243939,4113060028,2018,4
4278659,4129340175,2018,4
4283716,4131920225,2018,4
4215226,4100700121,2018,4
2005730,2027200069,2018,4
1055913,1018590015,2018,4
1084024,1018440020,2018,4
1084023,1018440020,2018,4
3009068,3006340001,2018,0
2000000,2028620006,2018,0
2057725,2046590031,2018,4
2057725,2046590031,2017,4
1058228,1019180036,2017,4
1058228,1019180036,2018,4
1078025,1003820100,2018,2
1078025,1003820100,2017,2
1078021,1003820100,2018,2
3082458,3036090031,2018,4
3082458,3036090031,2017,4
3082484,3036100023,2017,4
3082484,3036100023,2018,4
3082693,3036200031,2018,4
3082710,3036210035,2017,4
3082415,3036080027,2017,4
3082415,3036080027,2018,4
3082416,3036080032,2017,4
1018044,1008790027,2017,4
1018044,1008790027,2018,4
1052863,1016820050,2018,4
1052863,1016820050,2017,4
1052501,1016610021,2018,4
1052501,1016610021,2017,4
1052867,1016830002,2017,4
1052984,1016890002,2017,4
1052984,1016890002,2018,4
1054775,1017960054,2018,4
1054588,1017850025,2017,4
1051598,1016150009,2018,4
1051598,1016150009,2017,4
1051599,1016150010,2018,4
1051599,1016150010,2017,4
1051591,1016140062,2018,4
1051589,1016140060,2018,4
1051589,1016140060,2017,4
1051588,1016140058,2018,4
1051587,1016140057,2018,4
1051606,1016150060,2018,4
1051606,1016150060,2017,4
1052483,1016600043,2018,4
1052871,1016830006,2018,4
1052871,1016830006,2017,4
1052885,1016830036,2017,4
1052883,1016830031,2017,4
1052883,1016830031,2018,4
1053044,1017090007,2018,4
1053044,1017090007,2017,4
1053046,1017090010,2018,4
1053026,1017080036,2018,4
1053026,1017080036,2017,4
1052926,1016870043,2017,4
1052926,1016870043,2018,4
1052319,1016440068,2018,4
1052319,1016440068,2017,4
1052331,1016440164,2018,4
1052331,1016440164,2017,4
1052313,1016440057,2018,4
1052594,1016660041,2017,4
1052594,1016660041,2018,4
1054541,1017830042,2017,4
1054541,1017830042,2018,4
1079434,1017860039,2018,4
1054430,1017720013,2017,4
1054430,1017720013,2018,4
1054457,1017720150,2017,4
1054446,1017720050,2018,4
1054446,1017720050,2017,4
1052025,1016340024,2017,4
1052025,1016340024,2018,4
1054448,1017720055,2018,4
1054448,1017720055,2017,4
1051581,1016140014,2017,4
1051581,1016140014,2018,4
2004395,2026220005,2018,4
2004395,2026220005,2017,4
4459312,4159260001,2018,4
4459310,4159260001,2018,4
4459310,4159260001,2017,4
4459308,4159260001,2018,4
4459306,4159260001,2018,4
4459306,4159260001,2017,4
4459313,4159260001,2018,4
4459313,4159260001,2017,4
4459311,4159260001,2018,4
4459309,4159260001,2018,4
4459309,4159260001,2017,4
4459307,4159260001,2017,4
4459307,4159260001,2018,4
4459305,4159260001,2018,4
4459305,4159260001,2017,4
4312847,4159260001,2018,4
4312847,4159260001,2017,4
4536731,4159260001,2018,4
4536731,4159260001,2017,4
3070455,3029220047,2018,0
2023769,2037370070,2018,4
2023768,2037370066,2018,4
2023768,2037370066,2017,4
2023767,2037370062,2018,4
2023766,2037370058,2017,4
2023766,2037370058,2018,4
2023765,2037370054,2017,4
2023765,2037370054,2018,4
2023764,2037370049,2018,4
2023764,2037370049,2017,4
3000000,3018140017,2018,4
3018666,3009340041,2018,4
3018666,3009340041,2017,4
3005985,3003890012,2018,4
3005985,3003890012,2017,4
3005986,3003890013,2017,4
3006284,3003950048,2017,4
3006284,3003950048,2018,4
2010934,2030100012,2018,4
2010934,2030100012,2017,4
2010935,2030100017,2018,4
2010935,2030100017,2017,4
1051662,1016210071,2018,4
1051662,1016210071,2017,4
1051802,1016280032,2017,4
1051802,1016280032,2018,4
1052187,1016380048,2017,4
1051658,1016210065,2017,4
1004704,1003900009,2018,4
1004704,1003900009,2017,4
3047588,3016820045,2018,4
3047588,3016820045,2017,4
3047697,3016830089,2018,4
3047695,3016830086,2017,4
3117105,3050990037,2017,4
3071834,3031390012,2018,4
3071834,3031390012,2017,4
3055591,3019480028,2017,4
3058003,3020310057,2017,4
3058003,3020310057,2018,4
3029544,3011760098,2017,4
3029544,3011760098,2018,4
2007254,2027840039,2018,4
1039803,1013450030,2017,0
1039803,1013450030,2018,0
4596261,4000720073,2018,0
3337867,3012830001,2017,4
3337867,3012830001,2018,4
1079983,1022000009,2017,4
1079983,1022000009,2018,4
1079981,1022000009,2017,4
1079981,1022000009,2018,4
1079982,1022000009,2018,4
1079982,1022000009,2017,4
3050979,3018100009,2017,4
3050979,3018100009,2018,4
2084350,2058141191,2017,0
2084350,2058141191,2018,0
2000000,2029600003,2018,0
2000000,2029600003,2017,0
2057423,2046470046,2017,0
2057423,2046470046,2018,0
1087719,1011710063,2017,0
2091250,2025070034,2017,4
2004594,2026470005,2018,4
2004594,2026470005,2017,4
2005098,2026840068,2017,4
2005098,2026840068,2018,4
2003034,2025040021,2018,4
2003034,2025040021,2017,4
2003188,2025110074,2018,4
2003188,2025110074,2017,4
3327787,3046110038,2017,4
3327787,3046110038,2018,4
3327785,3046110038,2017,4
3327785,3046110038,2018,4
1016894,1008570066,2018,4
1016894,1008570066,2017,4
1063353,1021370021,2017,0
1063353,1021370021,2018,0
2010058,2029560005,2017,4
2010058,2029560005,2018,4
1055039,1018240055,2017,4
1055039,1018240055,2018,4
1063548,1021440038,2017,4
1063548,1021440038,2018,4
2021304,2035190001,2018,4
2021304,2035190001,2017,4
2021311,2035190049,2018,4
2021311,2035190049,2017,4
2021310,2035190042,2018,4
2021310,2035190042,2017,4
2021309,2035190034,2018,4
2021309,2035190034,2017,4
2021305,2035190005,2018,4
2021305,2035190005,2017,4
2021306,2035190012,2017,4
2021306,2035190012,2018,4
2021307,2035190020,2017,4
2021307,2035190020,2018,4
2021308,2035190030,2017,4
2021308,2035190030,2018,4
2021304,2035190001,2018,4
2021304,2035190001,2017,4
1059285,1019500064,2018,4
1059285,1019500064,2017,4
1059284,1019500063,2018,4
1059283,1019500062,2018,4
1059283,1019500062,2017,4
1061048,1020510029,2017,4
1061048,1020510029,2018,4
1061171,1020540025,2017,4
1057502,1019030045,2018,4
1059330,1019530010,2017,4
1059330,1019530010,2018,4
1059329,1019530009,2018,4
1059329,1019530009,2017,4
1059327,1019530007,2017,4
1059327,1019530007,2018,4
1053554,1017240019,2018,4
1059564,1019670006,2017,4
1053518,1017230055,2018,4
1053518,1017230055,2017,4
1059558,1019660104,2018,4
1059357,1019530055,2017,2
1059357,1019530055,2018,2
1059358,1019530056,2018,2
1059358,1019530056,2017,2
1059432,1019580041,2018,4
1059432,1019580041,2017,4
2009764,2029350001,2017,4
2009764,2029350001,2018,4
2091169,2023730043,2018,4
2091169,2023730043,2017,4
2093522,2046410016,2017,4
2093522,2046410016,2018,4
5109250,5028710001,2017,4
5109250,5028710001,2018,4
5110026,5028710001,2017,4
5110026,5028710001,2018,4
5109251,5028710001,2018,4
5109251,5028710001,2017,4
1084066,1019550026,2018,4
1084066,1019550026,2017,4
1051401,1015940050,2017,4
1051401,1015940050,2018,4
1051402,1015940054,2018,4
1051402,1015940054,2017,4
1051403,1015940058,2018,4
1051403,1015940058,2017,4
1051404,1015940061,2017,4
1051404,1015940061,2018,4
1051405,1015940065,2017,4
1051405,1015940065,2018,4
1078798,1015940042,2018,4
1078798,1015940042,2017,4
1079744,1020010038,2017,4
1079744,1020010038,2018,4
1079752,1020010050,2018,4
1079752,1020010050,2017,4
1079747,1020010038,2017,4
1079747,1020010038,2018,4
1079750,1020010038,2017,4
1079750,1020010038,2018,4
1078799,1015940042,2018,4
1078799,1015940042,2017,4
1079745,1020010038,2017,4
1079745,1020010038,2018,4
1079746,1020010038,2017,4
1079748,1020010038,2018,4
1079748,1020010038,2017,4
1079749,1020010038,2017,4
1079749,1020010038,2018,4
1079751,1020010038,2018,4
1079751,1020010038,2017,4
4020316,4008940002,2018,4
4020311,4008930030,2018,4
4594754,4008940075,2018,4
4594757,4008940101,2017,4
1055196,1018300011,2018,4
1055196,1018300011,2017,4
3052337,3018330079,2017,4
3052337,3018330079,2018,4
3052670,3018380022,2018,4
3052670,3018380022,2017,4
3052046,3018290078,2018,3
3051637,3018230027,2017,4
3051637,3018230027,2018,4
3051785,3018260018,2018,4
3051787,3018260020,2018,4
3051787,3018260020,2017,4
3051788,3018260021,2018,4
3051788,3018260021,2017,4
3051790,3018260023,2018,4
3051790,3018260023,2017,4
3051795,3018260029,2017,4
3051795,3018260029,2018,4
3051979,3018290004,2017,4
3051979,3018290004,2018,4
3051494,3018200032,2017,4
3051646,3018230081,2018,4
3051646,3018230081,2017,4
3051695,3018240056,2017,4
3051688,3018240049,2017,4
3051688,3018240049,2018,4
3051746,3018250042,2017,4
3052379,3018340039,2017,4
3052379,3018340039,2018,4
3052381,3018340042,2017,4
3052412,3018350004,2017,4
3052412,3018350004,2018,4
2010364,2029700043,2017,4
2010364,2029700043,2018,4
2010362,2029700034,2017,4
2010362,2029700034,2018,4
2010361,2029700031,2018,4
2010366,2029700049,2017,4
2010366,2029700049,2018,4
2010493,2029760092,2018,4
2010493,2029760092,2017,4
2010492,2029760087,2017,4
2010492,2029760087,2018,4
2100759,2029760082,2017,4
2100759,2029760082,2018,4
2010252,2029640021,2018,4
2010252,2029640021,2017,4
2017875,2033300052,2018,4
2090447,2028610163,2017,4
2008112,2028440038,2017,4
2008112,2028440038,2018,4
2008110,2028440021,2017,4
2008110,2028440021,2018,4
2092057,2028450007,2018,4
2092057,2028450007,2017,4
2008122,2028450017,2018,4
2008122,2028450017,2017,4
2008143,2028460061,2018,4
2008143,2028460061,2017,4
2008123,2028450020,2017,4
2008123,2028450020,2018,4
2008124,2028450027,2018,4
2008124,2028450027,2017,4
2008147,2028470029,2018,4
2008102,2028430079,2018,4
2008102,2028430079,2017,4
2008121,2028450001,2017,4
2008131,2028450077,2017,4
2008130,2028450070,2018,4
2008130,2028450070,2017,4
2008021,2028380004,2018,4
2008152,2028470063,2018,4
2008152,2028470063,2017,4
2001707,2024010007,2018,4
2001669,2023980040,2018,4
2001669,2023980040,2017,4
2001667,2023980030,2018,4
2001353,2023740060,2017,4
2001353,2023740060,2018,4
2001352,2023740059,2018,4
2001352,2023740059,2017,4
2001348,2023740038,2017,4
2001348,2023740038,2018,4
2001720,2024010023,2018,4
2001720,2024010023,2017,4
3029606,3011780061,2018,4
3029606,3011780061,2017,4
3029605,3011780059,2018,4
3029604,3011780057,2017,4
3029604,3011780057,2018,4
1077623,1004150012,2018,4
3045992,3016580092,2017,4
3045992,3016580092,2018,4
3045991,3016580091,2017,4
3045991,3016580091,2018,4
3045821,3016560030,2018,4
3045821,3016560030,2017,4
3045823,3016560035,2018,4
3045922,3016580010,2017,4
3045202,3016460017,2018,4
3045205,3016460020,2017,4
3045217,3016460039,2017,4
3045217,3016460039,2018,4
3045533,3016520006,2018,4
3045532,3016520005,2017,4
3045532,3016520005,2018,4
3252482,3036160001,2018,4
3342623,3036160001,2018,4
3342620,3036160001,2017,4
3342611,3036150001,2018,4
3342605,3036150001,2017,4
3342613,3036150001,2018,4
3189551,3070580013,2018,4
3189551,3070580013,2017,4
3003578,3003190025,2017,4
3003574,3003190020,2018,4
3003574,3003190020,2017,4
3003573,3003190019,2018,4
3003569,3003190015,2017,4
3003569,3003190015,2018,4
3003565,3003190011,2018,4
3003565,3003190011,2017,4
1063978,1021660069,2018,4
1063978,1021660069,2017,4
2004293,2026140061,2018,4
2004293,2026140061,2017,4
3187125,3069110006,2018,4
3187125,3069110006,2017,4
2008620,2028690163,2018,4
2008620,2028690163,2017,4
2008619,2028690159,2018,4
3328020,3037370001,2017,4
3328020,3037370001,2018,4
3328019,3037370001,2017,4
3006621,3004130036,2017,4
3006621,3004130036,2018,4
3019401,3009470011,2017,4
3019561,3009490046,2018,4
3021559,3009920032,2017,4
3026397,3010980052,2018,4
3006362,3003990001,2017,4
3006598,3004110011,2018,4
3006598,3004110011,2017,4
3019691,3009520015,2017,4
3008043,3004680002,2017,4
3008043,3004680002,2018,4
3320930,3074470028,2018,4
3320928,3074470028,2017,4
3320929,3074470028,2018,4
1060529,1020330021,2018,4
2007712,2028090037,2018,4
2007712,2028090037,2017,4
2007713,2028090039,2018,4
1054195,1017530049,2017,4
3342588,3033590048,2018,4
3342588,3033590048,2017,4
1013499,1007530056,2018,4
1013499,1007530056,2017,4
2004133,2026030067,2018,4
2004134,2026030073,2018,4
2004135,2026030078,2018,4
2004135,2026030078,2017,4
3327967,3030720001,2017,4
3000000,3029120020,2018,0
3228923,3081440020,2018,4
3228923,3081440020,2017,4
1000000,1016160030,2017,0
1000000,1016160030,2018,0
1051691,1016230040,2018,0
5046266,5031570001,2017,4
5046266,5031570001,2018,4
3331545,3023650019,2018,4
2000000,2029600111,2017,0
2009344,2028900017,2018,4
2009344,2028900017,2017,4
2004817,2026680030,2017,4
2004817,2026680030,2018,4
2025348,2037760044,2018,4
2025348,2037760044,2017,4
2009376,2028920038,2017,4
2009376,2028920038,2018,4
2004715,2026620010,2018,4
2004715,2026620010,2017,4
2008610,2028690142,2018,3
2005107,2026850048,2018,4
2005107,2026850048,2017,4
2009071,2028790069,2018,3
2008883,2028770268,2018,4
2008883,2028770268,2017,4
2010387,2029710012,2017,4
2010387,2029710012,2018,4
2010388,2029710014,2017,4
2010388,2029710014,2018,4
2004825,2026690006,2017,4
2007493,2027990018,2017,4
2007493,2027990018,2018,4
2004818,2026680033,2018,4
2004818,2026680033,2017,4
2004848,2026690047,2017,4
2004848,2026690047,2018,4
2109440,2029030003,2018,4
2109440,2029030003,2017,4
2114113,2029340023,2018,4
2114113,2029340023,2017,4
1005512,1004160025,2018,4
1004138,1003450014,2018,4
1004138,1003450014,2017,4
1056548,1018740052,2017,4
3045833,3016560048,2018,4
3045833,3016560048,2017,4
3051638,3018230029,2017,4
3051638,3018230029,2018,4
3031307,3012350071,2018,4
3031307,3012350071,2017,4
3039714,3014830058,2017,4
3030844,3012230052,2018,4
3030844,3012230052,2017,4
3030843,3012230051,2018,4
3030843,3012230051,2017,4
1085368,1020260033,2018,4
3000753,3001797503,2017,4
3000753,3001797503,2018,4
3324663,3014340001,2018,3
3324663,3014340001,2017,3
3324661,3014340001,2018,3
3324661,3014340001,2017,3
3346863,3045950215,2017,4
3346863,3045950215,2018,4
2003143,2025080031,2017,0
2003143,2025080031,2018,0
2000000,2024290012,2018,0
2000000,2024290012,2017,0
1081109,1017600001,2017,4
1082615,1017600101,2017,4
1082615,1017600101,2018,4
1081107,1017600001,2018,4
1081107,1017600001,2017,4
1081108,1017600001,2018,4
1081108,1017600001,2017,4
1081105,1017600001,2018,4
1081105,1017600001,2017,4
1082614,1017600101,2018,4
1082614,1017600101,2017,4
1081106,1017600001,2017,4
1053724,1017270020,2018,4
1053721,1017270014,2016,3
1053721,1017270014,2017,3
1053721,1017270014,2018,3
3038568,3014330033,2016,4
3038568,3014330033,2017,4
3038568,3014330033,2018,4
3040252,3014990013,2016,4
3040252,3014990013,2017,4
3040441,3015020059,2017,4
3040441,3015020059,2018,4
3040441,3015020059,2016,4
3081795,3035650035,2017,4
3081795,3035650035,2018,4
3081795,3035650035,2016,4
3039586,3014760032,2018,4
3039586,3014760032,2017,4
3039586,3014760032,2016,4
3039559,3014750051,2017,4
3039559,3014750051,2018,4
3039522,3014740009,2017,4
3039522,3014740009,2016,4
3039522,3014740009,2018,4
3039458,3014710033,2018,4
3039458,3014710033,2016,4
3081512,3035510032,2017,4
3081512,3035510032,2016,4
3082539,3036110147,2018,4
3082539,3036110147,2017,4
3039580,3014760009,2018,4
3039580,3014760009,2017,4
3039580,3014760009,2016,4
3081799,3035650044,2017,4
3081799,3035650044,2018,4
3081799,3035650044,2016,4
3040202,3014980018,2017,4
3040209,3014980025,2017,4
3040209,3014980025,2018,4
3040398,3015020014,2016,4
3040398,3015020014,2017,4
3040400,3015020016,2017,4
3040400,3015020016,2018,4
3040400,3015020016,2016,4
3040402,3015020018,2017,4
3040402,3015020018,2018,4
3040408,3015020024,2017,4
3040408,3015020024,2016,4
3040224,3014980050,2017,4
3040224,3014980050,2016,4
3040221,3014980047,2017,4
3040459,3015030014,2017,4
3038557,3014320068,2018,4
3038557,3014320068,2016,4
3036599,3013740011,2018,4
3036599,3013740011,2017,4
3036599,3013740011,2016,4
3081943,3035750052,2017,4
3081943,3035750052,2018,4
3081943,3035750052,2016,4
3039433,3014700028,2017,4
3039433,3014700028,2018,4
3039433,3014700028,2016,4
3081190,3035320025,2017,4
3081190,3035320025,2018,4
3081190,3035320025,2016,4
3081192,3035320035,2018,4
1058249,1019190026,2017,4
1058249,1019190026,2018,4
1058249,1019190026,2016,4
2006209,2027540069,2016,4
2006209,2027540069,2017,4
2006209,2027540069,2018,4
2006168,2027520017,2018,4
2006168,2027520017,2016,4
2006168,2027520017,2017,4
2006063,2027450036,2017,4
2006063,2027450036,2018,4
2006063,2027450036,2016,4
2010463,2029740022,2017,4
2010463,2029740022,2018,4
2005809,2027280016,2018,4
2005809,2027280016,2017,4
2005809,2027280016,2016,4
2005810,2027280019,2017,4
2005810,2027280019,2016,4
2005810,2027280019,2018,4
2010531,2029790002,2018,4
2010531,2029790002,2016,4
2010531,2029790002,2017,4
1004542,1003790011,2018,3
1004542,1003790011,2016,3
2013047,2031140052,2018,3
2013047,2031140052,2017,3
2013047,2031140052,2016,3
2013061,2031150005,2017,3
2013061,2031150005,2018,3
2013061,2031150005,2016,3
2086808,2031150021,2018,4
2086808,2031150021,2017,4
2086808,2031150021,2016,4
2117126,2032910024,2018,4
2000000,2023510025,2018,4
3324005,3043380001,2017,3
3394543,3043380001,2016,3
3394543,3043380001,2017,3
3394543,3043380001,2018,3
3324006,3043380001,2018,3
3342891,3043380001,2017,3
3342891,3043380001,2016,3
2117656,2033600176,2016,4
2117656,2033600176,2017,4
1082848,1009720001,2016,2
1082849,1009720001,2017,2
1082851,1009720001,2018,2
1082851,1009720001,2017,2
1082880,1009720001,2016,2
1082883,1009720001,2018,2
1082883,1009720001,2016,2
1082726,1009720001,2016,2
1082766,1009720001,2016,2
1082866,1009720001,2018,2
1082867,1009720001,2017,2
1082867,1009720001,2018,2
1082853,1009720001,2018,2
1083695,1009780001,2018,2
1082863,1009720001,2018,2
1083681,1009780001,2016,2
1083682,1009780001,2017,2
1083682,1009780001,2018,2
1082881,1009720001,2016,2
1082881,1009720001,2017,2
1082868,1009720001,2018,2
1082868,1009720001,2017,2
1082857,1009720001,2017,2
1082857,1009720001,2016,2
1082858,1009720001,2017,2
1082768,1009720001,2017,2
1082874,1009720001,2018,2
1082874,1009720001,2017,2
1004898,1003930047,2018,4
1004898,1003930047,2016,4
3321762,3070450031,2018,4
2009053,2028790028,2016,4
2009053,2028790028,2018,4
2009053,2028790028,2017,4
2016826,2032930139,2018,4
2016826,2032930139,2017,4
2016826,2032930139,2016,4
2014675,2032150020,2018,4
2014675,2032150020,2016,4
2014675,2032150020,2017,4
2102640,2025180031,2017,4
2102640,2025180031,2018,4
2102640,2025180031,2016,4
3030589,3012170034,2018,4
3030589,3012170034,2017,4
3028671,3011560051,2017,4
3031110,3012310012,2018,4
3031110,3012310012,2016,4
3031110,3012310012,2017,4
3031109,3012310010,2017,4
3031108,3012310008,2017,4
3031108,3012310008,2018,4
3031108,3012310008,2016,4
3029602,3011780052,2016,4
3029602,3011780052,2017,4
3029003,3011630035,2016,4
3029003,3011630035,2017,4
3036830,3013780063,2017,4
3036830,3013780063,2018,4
3036830,3013780063,2016,4
3029499,3011750068,2016,2
3029499,3011750068,2017,2
3029499,3011750068,2018,2
3324401,3011750026,2017,4
2011111,2030280055,2018,4
3000305,3001460007,2018,0
1083960,1017170022,2018,4
1083960,1017170022,2016,4
3069428,3027820041,2018,0
3069428,3027820041,2017,0
3085461,3038370020,2017,4
3085461,3038370020,2018,4
3037243,3013880004,2016,4
3037243,3013880004,2017,4
3088885,3040000008,2018,4
3089471,3040310031,2016,4
3089471,3040310031,2018,4
3089577,3040360020,2017,4
3083973,3037420009,2017,4
3084395,3037760024,2017,4
3076963,3033670003,2017,4
3090548,3040800040,2017,4
3097081,3043130076,2016,4
3080008,3034410017,2017,4
3080009,3034410018,2016,4
3080009,3034410018,2017,4
3077183,3033740036,2016,4
3078939,3034130065,2016,4
3078939,3034130065,2017,4
3085004,3038210003,2017,4
3085004,3038210003,2018,4
3094230,3041900046,2017,4
3094230,3041900046,2016,4
3097063,3043130040,2017,4
3090705,3040890002,2017,4
3084271,3037670016,2016,4
3084268,3037670009,2016,4
3079114,3034190008,2016,4
3094560,3042080031,2016,4
3094562,3042080033,2018,4
3089063,3040080031,2017,4
3089063,3040080031,2018,4
3095284,3042450008,2017,4
3096714,3043030031,2017,4
3096714,3043030031,2018,4
3096714,3043030031,2016,4
3079892,3034380056,2018,4
3083818,3037210025,2018,4
3085771,3038500029,2018,4
3029892,3012030066,2016,4
3029892,3012030066,2017,4
3029892,3012030066,2018,4
3076592,3033500023,2016,4
3076516,3033480015,2017,4
3076516,3033480015,2018,4
3085067,3038220050,2016,4
3089311,3040210016,2016,4
3089311,3040210016,2017,4
3085069,3038220107,2017,4
3085069,3038220107,2016,4
3085361,3038340004,2018,4
3085353,3038330041,2016,4
3085789,3038510002,2016,4
3085789,3038510002,2017,4
3085782,3038500043,2016,4
3031951,3012480046,2018,4
3031431,3012380046,2016,4
3072944,3032090025,2018,4
3072944,3032090025,2017,4
3072944,3032090025,2016,4
3000000,3031580047,2017,0
3000000,3031580047,2018,0
3000000,3031580047,2016,0
2006477,2027620181,2018,4
2006477,2027620181,2017,4
2006477,2027620181,2016,4
2006475,2027620164,2018,4
2006474,2027620163,2018,4
2006473,2027620161,2016,4
2006473,2027620161,2018,4
3061727,3023090005,2018,0
3031131,3012310047,2018,4
3031131,3012310047,2016,4
3031131,3012310047,2017,4
3037182,3013860048,2018,4
3037182,3013860048,2016,4
3037195,3013860068,2017,4
3037195,3013860068,2018,4
3037195,3013860068,2016,4
3322225,3018080051,2018,4
3322225,3018080051,2017,4
3322225,3018080051,2016,4
3048743,3017580012,2018,4
3048743,3017580012,2016,4
3048744,3017580014,2018,4
3048744,3017580014,2016,4
3048741,3017580005,2018,4
3048741,3017580005,2016,4
3048742,3017580009,2018,4
3048742,3017580009,2016,4
3031132,3012310047,2017,4
3031133,3012310047,2017,4
3031133,3012310047,2018,4
3031133,3012310047,2016,4
3031134,3012310047,2017,4
3031134,3012310047,2018,4
3322225,3018080051,2018,4
3322225,3018080051,2017,4
3322225,3018080051,2016,4
3043929,3016180003,2017,4
3043929,3016180003,2018,4
3043929,3016180003,2016,4
3093916,3041800006,2018,4
3093916,3041800006,2017,4
3093916,3041800006,2016,4
1078424,0,2018,0
1078423,0,2018,0
1078424,0,2017,0
3397983,0,2017,0
3397871,0,2017,0
3421587,0,2017,0
1078422,0,2017,0
1078423,0,2017,0
3069586,0,2018,0
3000000,0,2016,0
3256244,0,2018,0
3014352,0,2017,0
3069586,0,2017,0
3421674,0,2017,0
1078422,0,2018,0
1078424,0,2016,0
3397983,0,2018,0
3000000,0,2018,0
1014163,0,2018,0
3421674,0,2018,0
3397871,0,2018,0
3421587,0,2018,0
3251732,0,2018,0
1061767,0,2018,0
1078423,0,2016,0
1078422,0,2016,0
3136491,0,2016,0
3014352,0,2016,0
3069586,0,2016,0
3397983,0,2016,0
3397871,0,2016,0
3421587,0,2016,0
3014352,0,2018,0
2015143,2032370108,2018,4
2015143,2032370108,2017,4
2015143,2032370108,2016,4
3326478,3034680050,2017,4
3326478,3034680050,2016,4
2005521,2027070042,2018,4
2005606,2027090034,2016,4
2011996,2030690024,2018,4
2011996,2030690024,2016,4
2012772,2030980050,2017,4
2012772,2030980050,2018,4
2011846,2030610070,2017,4
2011846,2030610070,2016,4
2008383,2028620008,2016,4
3041173,3015170002,2018,4
3041173,3015170002,2016,4
3041173,3015170002,2017,4
3041175,3015170007,2017,4
3041175,3015170007,2018,4
3053174,3018470037,2017,4
3041563,3015280023,2017,4
3041563,3015280023,2018,4
3041563,3015280023,2016,4
1059745,1019870041,2018,4
3000000,3070480006,2018,3
3000000,3070210016,2018,2
3000000,3069780022,2018,3
1006860,1004680020,2016,4
2088244,2028450047,2018,4
1060456,1020300029,2016,4
1060456,1020300029,2018,4
1060456,1020300029,2017,4
1058363,1019220001,2017,4
1058363,1019220001,2016,4
1058363,1019220001,2018,4
1060891,1020470020,2018,4
1060891,1020470020,2017,4
1060891,1020470020,2016,4
1061170,1020540022,2018,4
1061170,1020540022,2017,4
1061170,1020540022,2016,4
3037370,3013910039,2018,4
3037370,3013910039,2017,4
3037370,3013910039,2016,4
3043473,3016070055,2017,4
3043473,3016070055,2018,4
2127144,2023720037,2018,4
1000000,1014350015,2018,4
1055008,1018230018,2018,4
1055008,1018230018,2017,4
1055008,1018230018,2016,4
1060377,1020250044,2017,4
1060377,1020250044,2018,4
1060377,1020250044,2016,4
1060379,1020250047,2017,4
1060379,1020250047,2016,4
1060380,1020250049,2017,4
1060475,1020310012,2018,4
1060475,1020310012,2017,4
1060475,1020310012,2016,4
1060473,1020310007,2018,4
1060473,1020310007,2017,4
1060473,1020310007,2016,4
1060531,1020330024,2016,4
1060531,1020330024,2017,4
2002159,2024300043,2017,3
2002159,2024300043,2016,3
2002156,2024300037,2017,3
2002156,2024300037,2016,3
2002082,2024260059,2017,4
2002082,2024260059,2016,4
2001008,2023410055,2017,4
2001008,2023410055,2016,4
2002575,2024490023,2017,4
2002575,2024490023,2018,4
2002575,2024490023,2016,4
2005392,2027000009,2017,4
2005392,2027000009,2016,4
1076474,1017750020,2018,4
1076474,1017750020,2017,4
1076474,1017750020,2016,4
1061204,1020570046,2017,4
2005385,2026990048,2017,4
2005385,2026990048,2018,4
2005385,2026990048,2016,4
2005343,2026960001,2018,4
2005343,2026960001,2016,4
2005343,2026960001,2017,4
2000000,2030140005,2017,4
2000000,2030140005,2018,4
2013096,2031180044,2017,4
2013096,2031180044,2016,4
2013244,2031300002,2018,4
1060375,1020250041,2018,4
1060375,1020250041,2017,4
1060382,1020250052,2018,4
1060382,1020250052,2017,4
1060383,1020250053,2017,4
1060399,1020260007,2016,4
5116656,5000130008,2018,4
5116656,5000130008,2017,4
5116656,5000130008,2016,4
3042163,3015510006,2017,4
3042163,3015510006,2016,4
3042198,3015510047,2016,4
3042198,3015510047,2017,4
3042231,3015520007,2016,4
3042234,3015520010,2016,4
3042235,3015520011,2018,4
3042235,3015520011,2017,4
3042235,3015520011,2016,4
3042249,3015520026,2016,4
3042260,3015520039,2018,4
3042260,3015520039,2017,4
3042260,3015520039,2016,4
3081523,3035510049,2018,4
3081523,3035510049,2017,4
3081523,3035510049,2016,4
3042228,3015520003,2017,4
3042228,3015520003,2018,4
3042228,3015520003,2016,4
3042227,3015520001,2017,4
3042227,3015520001,2016,4
3042005,3015420001,2018,4
3042005,3015420001,2017,4
3042005,3015420001,2016,4
3080851,3035100076,2017,4
3080851,3035100076,2018,4
3080851,3035100076,2016,4
3080852,3035110001,2018,4
3080852,3035110001,2017,4
3080852,3035110001,2016,4
3042028,3015420041,2017,4
3042028,3015420041,2016,4
3042027,3015420040,2016,4
3080829,3035100019,2017,4
3080829,3035100019,2018,4
3080829,3035100019,2016,4
3042240,3015520015,2016,4
3042246,3015520021,2017,4
3042246,3015520021,2018,4
2000000,2030160038,2018,4
1088453,1016350017,2018,4
1088453,1016350017,2017,4
1088453,1016350017,2016,4
1053697,1017260037,2018,4
1053697,1017260037,2017,4
1053697,1017260037,2016,4
1059403,1019550017,2017,4
1059403,1019550017,2016,4
1059415,1019580018,2016,4
1059415,1019580018,2017,4
1059415,1019580018,2018,4
1059421,1019580026,2018,4
1059421,1019580026,2016,4
1059421,1019580026,2017,4
1053811,1017280069,2017,4
1053811,1017280069,2018,4
1053811,1017280069,2016,4
1059445,1019580061,2016,4
1059445,1019580061,2017,4
1057902,1019120008,2017,4
1057902,1019120008,2018,4
1057902,1019120008,2016,4
1053578,1017240050,2017,4
1053578,1017240050,2016,4
1053578,1017240050,2018,4
1053615,1017250009,2018,4
1053615,1017250009,2017,4
1053615,1017250009,2016,4
1053701,1017260049,2017,4
1053701,1017260049,2016,4
1053701,1017260049,2018,4
1053702,1017260051,2017,4
1053702,1017260051,2018,4
1053703,1017260052,2018,4
1053773,1017280006,2018,4
1053773,1017280006,2017,4
1053773,1017280006,2016,4
1053802,1017280051,2016,4
1053802,1017280051,2018,4
1053802,1017280051,2017,4
1081379,1017280042,2018,4
1081379,1017280042,2017,4
1081379,1017280042,2016,4
1053829,1017290006,2017,4
1053829,1017290006,2018,4
1053829,1017290006,2016,4
1053810,1017280067,2016,4
1053810,1017280067,2018,4
1053875,1017290105,2018,4
1053875,1017290105,2017,4
1053875,1017290105,2016,4
1053821,1017280143,2018,4
1053821,1017280143,2017,4
1053821,1017280143,2016,4
1060001,1020060028,2017,4
1060001,1020060028,2018,4
1060001,1020060028,2016,4
1060000,1020060027,2017,4
1060000,1020060027,2018,4
1060000,1020060027,2016,4
1059995,1020060017,2017,4
1059995,1020060017,2018,4
1059995,1020060017,2016,4
1059994,1020060016,2017,4
1059994,1020060016,2018,4
1059994,1020060016,2016,4
1059993,1020060015,2016,4
1059993,1020060015,2018,4
1059993,1020060015,2017,4
1059992,1020060014,2018,4
1059992,1020060014,2017,4
1059992,1020060014,2016,4
1060009,1020060038,2018,4
1060009,1020060038,2017,4
1060009,1020060038,2016,4
1060020,1020070009,2017,4
1060020,1020070009,2018,4
1060020,1020070009,2016,4
3050556,3018020001,2016,4
3050556,3018020001,2017,4
3050556,3018020001,2018,4
3057453,3020000017,2018,4
3057774,3020170053,2018,4
3057774,3020170053,2017,4
3057771,3020170050,2018,4
3057771,3020170050,2017,4
3055123,3019240007,2017,4
3055123,3019240007,2018,4
3055123,3019240007,2016,4
3322103,3017750001,2018,4
3322103,3017750001,2017,4
3049513,3017750060,2016,4
3049506,3017750051,2018,4
3322108,3017760063,2017,4
3322108,3017760063,2018,4
3322108,3017760063,2016,4
3057711,3020160032,2016,4
3057718,3020160039,2016,4
3057752,3020170024,2017,4
3051158,3018140002,2018,4
3051158,3018140002,2016,4
3051163,3018140007,2018,4
3051164,3018140008,2018,4
3051164,3018140008,2017,4
3051165,3018140010,2017,4
3051165,3018140010,2018,4
3051215,3018150015,2018,4
3051215,3018150015,2017,4
3051215,3018150015,2016,4
3051216,3018150017,2017,4
3051025,3018100073,2018,4
3051021,3018100064,2017,4
3057451,3020000015,2018,4
3057451,3020000015,2016,4
3057451,3020000015,2017,4
3054928,3019110024,2017,4
3057883,3020200051,2018,4
3050731,3018050032,2017,4
3050735,3018050037,2018,4
3044063,3016200080,2017,4
3054993,3019140021,2016,4
3341855,3017740010,2017,4
3341855,3017740010,2018,4
3341855,3017740010,2016,4
3049490,3017750033,2018,4
3049490,3017750033,2017,4
3049490,3017750033,2016,4
3050647,3018030079,2017,4
3050647,3018030079,2016,4
3050647,3018030079,2018,4
3044486,3016290032,2017,4
3044288,3016250071,2017,4
3044288,3016250071,2016,4
3041261,3015200001,2018,4
3041487,3015260001,2017,4
3041487,3015260001,2018,4
3055232,3019280025,2017,4
3057450,3020000014,2017,4
3057450,3020000014,2018,4
3057450,3020000014,2016,4
3057421,3019990015,2017,4
3057440,3020000001,2016,4
3056664,3019790039,2016,4
3056664,3019790039,2017,4
3050452,3018000002,2017,4
3049207,3017690009,2018,4
3049207,3017690009,2016,4
3049207,3017690009,2017,4
3049208,3017690011,2018,4
3049208,3017690011,2017,4
1059740,1019870033,2017,4
1059740,1019870033,2018,4
1059741,1019870034,2016,4
1059741,1019870034,2018,4
1059741,1019870034,2017,4
1059742,1019870036,2016,4
1059742,1019870036,2017,4
1059742,1019870036,2018,4
1054344,1017630001,2018,3
1054344,1017630001,2016,3
1054344,1017630001,2017,3
1054345,1017640001,2018,3
1054345,1017640001,2016,3
1054345,1017640001,2017,3
1085294,1017640001,2017,3
1085294,1017640001,2018,3
1085294,1017640001,2016,3
1085296,1017640001,2018,3
1085296,1017640001,2016,3
3057842,3020190055,2018,0
2010608,2029830028,2016,4
2009001,2028780061,2017,4
2009001,2028780061,2018,4
2009001,2028780061,2016,4
2011977,2030680061,2018,4
2011977,2030680061,2017,4
2011977,2030680061,2016,4
1063173,1021310052,2017,4
1063173,1021310052,2018,4
1063173,1021310052,2016,4
2006430,2027620025,2016,4
2006430,2027620025,2017,4
2006430,2027620025,2018,4
2006427,2027620018,2018,4
2006427,2027620018,2016,4
2006427,2027620018,2017,4
2006426,2027620016,2018,4
2006426,2027620016,2017,4
2006426,2027620016,2016,4
2006433,2027620040,2018,4
2006433,2027620040,2017,4
2006433,2027620040,2016,4
2005944,2027400012,2016,4
2005943,2027400010,2016,2
2005106,2026850028,2018,4
2005106,2026850028,2016,4
2005106,2026850028,2017,4
2014915,2032250010,2018,4
2009012,2028780170,2018,4
2009012,2028780170,2017,4
2009012,2028780170,2016,4
2009013,2028780178,2018,4
2009013,2028780178,2016,4
2009013,2028780178,2017,4
2092007,2027130002,2017,4
2092007,2027130002,2016,4
2092007,2027130002,2018,4
2092008,2027130002,2017,4
2092008,2027130002,2016,4
2092008,2027130002,2018,4
2006535,2027630162,2018,4
2006535,2027630162,2016,4
3000000,3011180003,2018,2
1083986,1017360060,2017,2
1083986,1017360060,2016,2
1083986,1017360060,2018,2
1060435,1020290035,2018,4
1060435,1020290035,2016,4
1060834,1020450074,2016,4
1060868,1020460041,2018,4
1060868,1020460041,2016,4
1060577,1020340052,2018,4
1060577,1020340052,2016,4
3253907,3069790100,2018,4
3253907,3069790100,2016,4
3253907,3069790100,2017,4
3253907,3069790100,2018,4
3253907,3069790100,2016,4
3253907,3069790100,2017,4
3253907,3069790100,2018,4
3253907,3069790100,2016,4
3253907,3069790100,2017,4
3253907,3069790100,2018,4
3253907,3069790100,2016,4
3253907,3069790100,2017,4
3253907,3069790100,2018,4
3253907,3069790100,2016,4
3253907,3069790100,2017,4
3253907,3069790100,2018,4
3253907,3069790100,2016,4
3253907,3069790100,2017,4
2016915,2032960034,2018,4
2014819,2032190201,2017,4
2000000,2031790060,2018,4
3056589,3019740051,2018,4
3056589,3019740051,2016,4
3056589,3019740051,2017,4
3331517,3062640029,2018,4
3331517,3062640029,2017,4
3000000,3034320042,2017,0
1054039,1017500028,2018,0
1054049,1017500028,2016,0
3321975,3020030008,2018,4
3321975,3020030008,2017,4
3321975,3020030008,2016,4
3321974,3020030008,2017,4
3321974,3020030008,2018,4
3325185,3017000017,2016,4
3325185,3017000017,2017,4
3325185,3017000017,2018,4
2004501,2026330004,2016,4
2023992,2037430050,2016,4
2023992,2037430050,2017,4
2023992,2037430050,2018,4
2008827,2028760087,2018,4
2008827,2028760087,2016,4
2008827,2028760087,2017,4
2008828,2028760088,2018,4
2008828,2028760088,2017,4
2008828,2028760088,2016,4
2008796,2028760014,2018,4
2008796,2028760014,2017,4
2008796,2028760014,2016,4
2000000,2028317501,2017,4
3323630,3004610059,2017,4
3323630,3004610059,2016,4
3323630,3004610059,2018,4
3059729,3021480004,2018,4
3059729,3021480004,2017,4
1000000,1018310023,2016,0
2000000,2029480003,2018,0
2000000,2029480003,2017,0
3000000,3024280001,2018,0
3000000,3017680046,2016,0
3063379,3024380020,2017,4
3070688,3030080006,2018,4
3070688,3030080006,2017,4
3070688,3030080006,2016,4
3000000,3030400024,2018,4
3400412,3030220101,2017,4
3325861,3030630101,2018,4
3090031,3040610001,2016,4
3061501,3022760003,2016,4
3083741,3037090115,2018,4
3083741,3037090115,2016,4
3076062,3033220010,2016,4
3251914,3033090032,2016,4
3042587,3015670031,2018,4
3042587,3015670031,2016,4
3037641,3013990145,2018,4
3037641,3013990145,2017,4
3037641,3013990145,2016,4
3055580,3019480014,2016,4
3055580,3019480014,2017,4
3055580,3019480014,2018,4
3040206,3014980022,2017,4
3040206,3014980022,2018,4
3040207,3014980023,2018,4
3040207,3014980023,2017,4
3040207,3014980023,2016,4
3040208,3014980024,2016,4
3040208,3014980024,2017,4
3039376,3014650050,2017,4
3039376,3014650050,2018,4
3039376,3014650050,2016,4
3051745,3018250041,2017,4
3037639,3013990115,2017,4
3037639,3013990115,2018,4
3037636,3013990062,2018,4
3037636,3013990062,2016,4
3037636,3013990062,2017,4
1001177,1000760006,2018,0
3062549,3023750005,2018,0
1084530,1002467501,2016,0
3072212,3031710033,2017,0
2008501,2028670047,2018,4
2008501,2028670047,2017,4
2008501,2028670047,2016,4
1084305,1005590055,2017,4
1084305,1005590055,2018,4
3000000,3043750001,2017,4
3000000,3043750001,2018,4
3000000,3043750001,2017,4
3000000,3043750001,2018,4
3000000,3043750001,2017,4
3000000,3043750001,2018,4
3000000,3043750001,2017,4
3000000,3043750001,2018,4
3000000,3043750001,2017,4
3000000,3043750001,2018,4
3000000,3043750001,2017,4
3000000,3043750001,2018,4
3414048,3015037501,2018,4
3414048,3015037501,2017,4
2011111,2030280055,2018,4
2000000,2024197501,2017,0
2000000,2024197501,2017,4
2115864,2026900063,2018,4
2115864,2026900063,2016,4
2115864,2026900063,2017,4
2115864,2026900063,2015,4
3057921,3020270001,2017,4
3057921,3020270001,2018,4
3057921,3020270001,2015,4
3057921,3020270001,2016,4
2006421,2027620001,2015,4
2006421,2027620001,2016,4
3039306,3014630041,2018,4
3039306,3014630041,2017,4
3390995,3016250034,2015,4
3390995,3016250034,2016,4
3390995,3016250034,2017,4
1004650,1003870048,2018,4
1004650,1003870048,2015,4
1079061,1003950009,2017,4
1079061,1003950009,2018,4
1079061,1003950009,2015,4
1079061,1003950009,2016,4
1054869,1018070030,2018,4
2001152,2023590210,2018,4
2001152,2023590210,2017,4
2001152,2023590210,2015,4
2001152,2023590210,2016,4
3339097,3014950013,2015,4
1080650,1016220017,2018,4
1080650,1016220017,2015,4
4047515,4019320009,2016,4
2010202,2029620044,2017,4
2008461,2028660072,2017,4
2008213,2028500040,2018,4
2008213,2028500040,2017,4
2008213,2028500040,2015,4
2008462,2028660074,2017,4
1058898,1019410036,2016,4
1058898,1019410036,2017,4
1058898,1019410036,2018,4
1058898,1019410036,2015,4
1084051,1019400003,2017,4
1084051,1019400003,2018,4
1084051,1019400003,2015,4
1084051,1019400003,2016,4
1058870,1019410003,2015,4
1058870,1019410003,2016,4
1059459,1019590058,2017,4
1059459,1019590058,2015,4
1059459,1019590058,2016,4
1059459,1019590058,2018,4
1059458,1019590056,2015,4
1059458,1019590056,2016,4
1059458,1019590056,2017,4
1058844,1019400039,2017,4
1058880,1019410014,2018,4
1058879,1019410013,2016,4
1058879,1019410013,2015,4
1058879,1019410013,2018,4
1058878,1019410012,2015,4
1058878,1019410012,2016,4
1058877,1019410011,2017,4
1058877,1019410011,2015,4
4000000,4161390011,2017,3
2000000,2025240033,2017,4
2002068,2024260004,2018,4
2002068,2024260004,2016,4
2002068,2024260004,2015,4
2002068,2024260004,2017,4
2002069,2024260008,2016,4
2002069,2024260008,2015,4
2002069,2024260008,2017,4
2002070,2024260012,2017,4
2002070,2024260012,2018,4
2002070,2024260012,2015,4
2002070,2024260012,2016,4
2002519,2024470051,2017,4
2002519,2024470051,2016,4
2002737,2024560051,2016,4
2002615,2024500029,2016,4
2002616,2024500031,2016,4
2002616,2024500031,2015,4
2002219,2024330028,2017,4
2002219,2024330028,2015,4
2002219,2024330028,2016,4
2002219,2024330028,2018,4
2002218,2024330023,2016,4
2002218,2024330023,2015,4
2002269,2024340047,2016,4
2002269,2024340047,2015,4
2002269,2024340047,2018,4
2007791,2028160001,2018,4
2007791,2028160001,2017,4
2007791,2028160001,2015,4
2007791,2028160001,2016,4
2007805,2028160070,2015,4
2007805,2028160070,2016,4
2002179,2024320005,2017,4
2002179,2024320005,2015,4
2002179,2024320005,2016,4
2002179,2024320005,2018,4
2002521,2024470056,2018,4
2002521,2024470056,2015,4
2002521,2024470056,2016,4
2002776,2024570050,2018,4
2002694,2024530055,2015,4
2002694,2024530055,2016,4
2007978,2028310032,2018,4
2007978,2028310032,2016,4
2007978,2028310032,2015,4
2007978,2028310032,2017,4
5109139,5012720011,2018,4
5109139,5012720011,2016,4
5109139,5012720011,2017,4
5109139,5012720011,2015,4
1051436,1016010027,2018,4
1051436,1016010027,2017,4
1051436,1016010027,2015,4
1051436,1016010027,2016,4
3081764,3035590001,2018,4
3081764,3035590001,2017,4
3081764,3035590001,2015,4
3081764,3035590001,2016,4
3326497,3035730001,2018,4
3326497,3035730001,2017,4
3326497,3035730001,2015,4
3326497,3035730001,2016,4
3326556,3035880001,2015,4
3338525,3035870001,2016,4
3338525,3035870001,2017,4
3338525,3035870001,2015,4
3338525,3035870001,2018,4
3326589,3036010026,2017,4
3326589,3036010026,2018,4
3326589,3036010026,2015,4
3326589,3036010026,2016,4
3326534,3035740001,2015,4
3326534,3035740001,2018,4
3326534,3035740001,2017,4
3326495,3035730001,2017,4
3326495,3035730001,2018,4
3326535,3035740001,2017,4
3326535,3035740001,2015,4
3326536,3035740001,2017,4
3326536,3035740001,2015,4
3338527,3035870001,2018,4
3338527,3035870001,2017,4
3342594,3035870001,2017,4
3326506,3035750011,2017,4
3326506,3035750011,2018,4
3326506,3035750011,2015,4
3326506,3035750011,2016,4
3326538,3035740001,2017,4
3326538,3035740001,2018,4
3326539,3035740001,2015,4
3326539,3035740001,2017,4
3326540,3035740001,2017,4
3326540,3035740001,2015,4
3326540,3035740001,2018,4
3326505,3035750011,2018,4
3326505,3035750011,2017,4
3326505,3035750011,2016,4
3326505,3035750011,2015,4
3326557,3035880001,2018,4
3326557,3035880001,2017,4
3326558,3035880001,2016,4
3326558,3035880001,2018,4
3326558,3035880001,2017,4
3326559,3035880001,2015,4
3326559,3035880001,2017,4
3326560,3035880001,2015,4
3326560,3035880001,2016,4
3326560,3035880001,2017,4
3326561,3035880001,2017,4
3326592,3036010026,2017,4
3326592,3036010026,2016,4
3326592,3036010026,2018,4
3326592,3036010026,2015,4
3326499,3035730001,2018,4
3326499,3035730001,2015,4
3326507,3035750011,2018,4
3326507,3035750011,2017,4
3326507,3035750011,2015,4
3326551,3035880001,2015,4
3345302,3035730001,2017,4
3345302,3035730001,2016,4
3345310,3035730001,2017,4
3345310,3035730001,2015,4
3345303,3035730001,2015,4
3345303,3035730001,2017,4
3345304,3035730001,2015,4
3345305,3035730001,2015,4
3345305,3035730001,2017,4
3345306,3035730001,2017,4
3345306,3035730001,2018,4
3345306,3035730001,2015,4
3345307,3035730001,2018,4
3345307,3035730001,2015,4
3345307,3035730001,2017,4
3345308,3035730001,2015,4
3345309,3035730001,2015,4
3345309,3035730001,2017,4
3342590,3035870001,2017,4
3342590,3035870001,2015,4
3342592,3035870001,2017,4
3342592,3035870001,2018,4
3342592,3035870001,2015,4
3342593,3035870001,2017,4
3342593,3035870001,2015,4
3342595,3035870001,2017,4
3342595,3035870001,2015,4
3342596,3035870001,2018,4
3342596,3035870001,2015,4
3342598,3035870001,2018,4
3342598,3035870001,2015,4
3342598,3035870001,2017,4
3342599,3035870001,2015,4
3342599,3035870001,2017,4
3000000,3011290001,2018,2
3061828,3023130013,2018,0
2086465,2026530001,2018,4
1057700,1019060064,2017,4
1057700,1019060064,2016,4
1057700,1019060064,2018,4
1057700,1019060064,2015,4
1060413,1020260029,2017,4
1060413,1020260029,2018,4
1060413,1020260029,2015,4
1060413,1020260029,2016,4
1060845,1020450096,2015,4
1060845,1020450096,2017,4
1060845,1020450096,2018,4
1060845,1020450096,2016,4
1060854,1020460007,2018,3
1060854,1020460007,2017,3
1060854,1020460007,2015,3
1060854,1020460007,2016,3
1060602,1020360061,2017,3
1060602,1020360061,2015,3
1060602,1020360061,2018,3
1060875,1020460063,2017,4
1060875,1020460063,2016,4
1060875,1020460063,2018,4
1060875,1020460063,2015,4
1060872,1020460063,2017,3
1060872,1020460063,2018,3
1057492,1019030029,2017,4
1057492,1019030029,2018,4
1057492,1019030029,2016,4
1057492,1019030029,2015,4
1057558,1019040033,2015,4
1057584,1019040059,2017,4
1057584,1019040059,2015,4
1057584,1019040059,2016,4
1057584,1019040059,2018,4
1060412,1020260027,2018,4
1060412,1020260027,2016,4
1060412,1020260027,2015,4
1060412,1020260027,2017,4
1060411,1020260026,2017,3
1060410,1020260023,2018,3
1060410,1020260023,2017,3
1060410,1020260023,2015,3
1060410,1020260023,2016,3
1060409,1020260022,2018,4
1060409,1020260022,2015,4
1060409,1020260022,2016,4
1060408,1020260020,2015,3
1060408,1020260020,2018,3
1060408,1020260020,2017,3
1060479,1020310018,2018,3
1060479,1020310018,2017,3
1060479,1020310018,2016,3
1060511,1020320043,2017,3
1060511,1020320043,2015,3
1060511,1020320043,2018,3
1060511,1020320043,2016,3
1060847,1020450097,2015,3
1060849,1020450100,2015,3
1060849,1020450100,2016,3
1083964,1017180069,2018,4
1083964,1017180069,2015,4
1083964,1017180069,2016,4
3422148,3033480051,2017,0
3340264,3069620011,2018,4
3340264,3069620011,2016,4
3340264,3069620011,2017,4
3340264,3069620011,2015,4
3170453,3065080006,2015,4
1053549,1017240014,2018,0
1053549,1017240014,2015,0
1053549,1017240014,2016,0
1058563,1019280029,2015,4
1058563,1019280029,2016,4
1058563,1019280029,2017,4
3030090,3012080001,2017,4
3030090,3012080001,2016,4
2013579,2031520007,2017,4
2013579,2031520007,2018,4
2013579,2031520007,2015,4
2009934,2029480040,2017,4
2009934,2029480040,2015,4
2009935,2029480044,2017,4
2009935,2029480044,2015,4
2009935,2029480044,2016,4
1084006,1018220029,2016,4
1084006,1018220029,2018,4
1084006,1018220029,2017,4
1084006,1018220029,2015,4
1058309,1019210001,2018,4
1058309,1019210001,2015,4
1058309,1019210001,2017,4
1058309,1019210001,2016,4
4000000,4125290205,2018,4
1062836,1021190036,2017,4
1062836,1021190036,2018,4
1062836,1021190036,2015,4
1062836,1021190036,2016,4
1054510,1017780006,2018,4
1054510,1017780006,2015,4
1054510,1017780006,2016,4
4532559,4158900030,2017,4
4532559,4158900030,2018,4
4532559,4158900030,2015,4
4532559,4158900030,2016,4
3000000,3034190028,2018,0
3000000,3034190028,2016,0
2127782,2032800048,2018,0
2127782,2032800048,2017,0
2127782,2032800048,2016,0
1089709,1011057501,2017,0
1089709,1011057501,2018,0
1089709,1011057501,2016,0
2016441,2032800039,2018,0
2016441,2032800039,2017,0
2016441,2032800039,2015,0
2016441,2032800039,2016,0
1000000,1007790027,2018,0
4436427,4158950050,2018,2
4436427,4158950050,2017,2
4436427,4158950050,2015,2
4436427,4158950050,2016,2
1025181,1010410047,2018,4
1025181,1010410047,2015,4
1025181,1010410047,2017,4
3068246,3027410047,2018,0
3047617,3016820080,2016,4
3044569,3016320073,2018,4
3044667,3016370032,2018,4
3044667,3016370032,2017,4
3044667,3016370032,2016,4
3046012,3016590022,2018,4
3046012,3016590022,2017,4
3046714,3016680095,2016,4
3047277,3016780007,2018,4
3047277,3016780007,2015,4
3047277,3016780007,2016,4
3045249,3016470010,2017,4
3045245,3016470006,2016,4
3045245,3016470006,2017,4
3045245,3016470006,2018,4
3045827,3016560039,2018,4
3046204,3016620006,2018,4
3046204,3016620006,2016,4
3046204,3016620006,2017,4
3046162,3016610042,2017,4
3046162,3016610042,2015,4
3046164,3016610045,2017,4
3046164,3016610045,2018,4
3046164,3016610045,2016,4
3046165,3016610047,2018,4
3046165,3016610047,2015,4
3046165,3016610047,2016,4
3046168,3016610050,2018,4
3046551,3016670002,2015,4
3047201,3016770008,2018,4
3047201,3016770008,2017,4
3047201,3016770008,2015,4
3320309,3016770001,2016,4
3320309,3016770001,2017,4
2124373,2028760167,2017,0
2124373,2028760167,2018,0
2124373,2028760167,2015,0
2124373,2028760167,2016,0
1004386,1003730018,2018,4
1004386,1003730018,2017,4
4607744,4121830035,2018,4
1089438,1010907502,2017,0
1089438,1010907502,2018,0
1089438,1010907502,2016,0
1000000,1019110061,2017,4
3259317,3014580052,2018,4
2009868,2029390100,2018,4
2009868,2029390100,2015,4
2009868,2029390100,2016,4
2003556,2025340008,2018,4
2003556,2025340008,2017,4
2003556,2025340008,2015,4
2003556,2025340008,2016,4
2114117,2031280001,2018,4
2114117,2031280001,2017,4
2114117,2031280001,2015,4
2114117,2031280001,2016,4
1054343,1017560113,2016,4
1054343,1017560113,2015,4
3000979,3001850019,2018,4
3000979,3001850019,2017,4
3000979,3001850019,2015,4
3000979,3001850019,2016,4
2011182,2030310007,2017,4
2011182,2030310007,2015,4
2005740,2027210020,2017,4
2005740,2027210020,2018,4
2005740,2027210020,2015,4
2005740,2027210020,2016,4
2018362,2033470043,2018,4
1004154,1003460001,2018,4
1004154,1003460001,2016,4
1077589,1002470001,2017,4
1077590,1002470001,2018,4
1061912,1020760030,2015,4
1061912,1020760030,2016,4
1062032,1020800028,2018,4
1062032,1020800028,2017,4
1062032,1020800028,2015,4
1062033,1020800030,2015,4
1062034,1020800031,2017,4
1062034,1020800031,2015,4
1062034,1020800031,2016,4
1062034,1020800031,2018,4
1061078,1020510085,2018,4
1061078,1020510085,2017,4
1061078,1020510085,2016,4
1061078,1020510085,2015,4
1061077,1020510083,2015,4
1061077,1020510083,2016,4
1061076,1020510081,2015,4
1061083,1020510098,2018,4
1061083,1020510098,2015,4
1061083,1020510098,2016,4
1061083,1020510098,2017,4
1079815,1020510066,2018,4
1079815,1020510066,2016,4
1079815,1020510066,2015,4
1060915,1020480042,2017,4
1060915,1020480042,2015,4
1060915,1020480042,2018,4
1061040,1020510007,2018,4
1061040,1020510007,2015,4
1061040,1020510007,2016,4
1061039,1020510004,2018,4
1061039,1020510004,2017,4
1061060,1020510060,2018,4
1061060,1020510060,2017,4
1061060,1020510060,2015,4
1061060,1020510060,2016,4
1079816,1020510064,2018,4
1079816,1020510064,2015,4
1079816,1020510064,2016,4
2011841,2030610034,2018,0
2011841,2030610034,2017,0
2011841,2030610034,2016,0
2011842,2030610036,2017,0
2011842,2030610036,2018,0
2011842,2030610036,2016,0
2011842,2030610036,2015,0
2011837,2030610026,2018,0
2011837,2030610026,2015,0
2011837,2030610026,2017,0
2011835,2030610022,2018,0
2011835,2030610022,2017,0
2011835,2030610022,2015,0
2010681,2029900050,2017,4
2010681,2029900050,2018,4
2010681,2029900050,2015,4
2010680,2029900043,2015,4
2010680,2029900043,2016,4
2010679,2029900037,2018,4
2010679,2029900037,2016,4
2010679,2029900037,2015,4
2010678,2029900034,2018,4
2010678,2029900034,2015,4
2010678,2029900034,2017,4
2010678,2029900034,2016,4
2010675,2029900027,2015,4
2010675,2029900027,2016,4
2010675,2029900027,2018,4
2010675,2029900027,2017,4
4047630,4019360020,2016,4
4047630,4019360020,2018,4
4047630,4019360020,2015,4
2007780,2028140073,2018,4
2007780,2028140073,2017,4
2014073,2031860076,2018,4
2014073,2031860076,2017,4
2007882,2028260024,2018,4
2007882,2028260024,2017,4
2007882,2028260024,2015,4
2007882,2028260024,2016,4
2003002,2024880036,2016,4
2003002,2024880036,2017,4
2006549,2027630195,2016,4
2014940,2032250091,2015,4
2000347,2022850069,2017,4
2000347,2022850069,2015,4
2000347,2022850069,2018,4
2000346,2022850067,2017,4
2000346,2022850067,2018,4
2000346,2022850067,2015,4
2000345,2022850066,2015,4
2000345,2022850066,2016,4
2000345,2022850066,2017,4
2000345,2022850066,2018,4
2000344,2022850064,2017,2
2000344,2022850064,2018,2
2000344,2022850064,2015,2
2000343,2022850063,2017,4
2000343,2022850063,2018,4
2000343,2022850063,2015,4
2000342,2022850061,2017,4
2000342,2022850061,2018,4
2000342,2022850061,2015,4
2000340,2022850058,2018,4
2000340,2022850058,2015,4
3076548,3033490003,2018,4
3076548,3033490003,2015,4
2001935,2024210027,2017,4
1026932,1010720050,2017,0
1026932,1010720050,2018,0
2084826,2058517501,2018,4
2084826,2058517501,2017,4
2018488,2033520001,2015,4
2002441,2024410001,2018,4
2002441,2024410001,2016,4
2002441,2024410001,2017,4
2002441,2024410001,2015,4
3321981,3020070014,2018,4
3321981,3020070014,2016,4
3076547,3033490001,2017,4
3076547,3033490001,2015,4
3076547,3033490001,2016,4
2015921,2032610015,2015,4
2015921,2032610015,2016,4
2015921,2032610015,2017,4
2015922,2032610017,2016,4
2014629,2032130014,2018,4
2014629,2032130014,2015,4
2014629,2032130014,2017,4
2014629,2032130014,2016,4
2013964,2031790047,2018,4
2013964,2031790047,2017,4
2013964,2031790047,2015,4
2013284,2031420001,2017,4
2013284,2031420001,2016,4
2013284,2031420001,2018,4
2013284,2031420001,2015,4
3001727,3002320001,2018,2
3001727,3002320001,2017,2
1060372,1020250034,2018,4
1060372,1020250034,2017,4
1060372,1020250034,2015,4
1060372,1020250034,2016,4
1060384,1020250055,2017,4
1060384,1020250055,2015,4
1060384,1020250055,2016,4
1060384,1020250055,2018,4
1060385,1020250056,2018,4
1060386,1020250058,2018,4
1060386,1020250058,2017,4
1055121,1018280040,2015,4
1055121,1018280040,2016,4
1055121,1018280040,2017,4
3323070,3045900051,2015,4
3323070,3045900051,2016,4
3323070,3045900051,2018,4
3323070,3045900051,2017,4
3037220,3013870057,2015,4
3037220,3013870057,2016,4
3037220,3013870057,2017,4
3057109,3019870071,2015,3
3057109,3019870071,2016,3
3057109,3019870071,2018,3
3057109,3019870071,2017,3
3039059,3014520051,2018,4
3039059,3014520051,2015,4
3039059,3014520051,2016,4
3039059,3014520051,2017,4
3039390,3014660067,2015,4
3039389,3014660065,2018,4
3039389,3014660065,2017,4
3039389,3014660065,2015,4
3039389,3014660065,2016,4
3039434,3014700029,2018,4
3039434,3014700029,2017,4
3039434,3014700029,2015,4
3039434,3014700029,2016,4
3072921,3032080050,2017,0
3072921,3032080050,2016,0
3072921,3032080050,2018,0
3072921,3032080050,2015,0
2003036,2025040053,2017,4
2003036,2025040053,2018,4
2003036,2025040053,2016,4
2003036,2025040053,2015,4
2009331,2028890018,2016,4
2009331,2028890018,2018,4
2009331,2028890018,2017,4
2009331,2028890018,2015,4
2009326,2028890001,2018,4
2009326,2028890001,2017,4
2009326,2028890001,2016,4
2009326,2028890001,2015,4
2003178,2025110025,2018,4
2003178,2025110025,2017,4
2003178,2025110025,2015,4
2003491,2025260070,2018,4
2003491,2025260070,2016,4
2003491,2025260070,2017,4
2003491,2025260070,2015,4
2007349,2027910044,2017,4
2007349,2027910044,2018,4
2007349,2027910044,2016,4
2007349,2027910044,2015,4
2003310,2025170030,2017,4
2003310,2025170030,2018,4
2003310,2025170030,2015,4
2003310,2025170030,2016,4
2095365,2030510001,2017,4
2095365,2030510001,2015,4
2095365,2030510001,2016,4
1058445,1019250013,2016,4
2101324,2028650162,2017,4
2101324,2028650162,2018,4
2101324,2028650162,2015,4
1058372,1019220013,2018,4
1058372,1019220013,2015,4
1058502,1019270015,2018,2
1058502,1019270015,2015,2
1058502,1019270015,2016,2
1058502,1019270015,2017,2
1058224,1019180023,2015,4
1058224,1019180023,2016,4
1058176,1019170045,2015,4
1058176,1019170045,2016,4
1053903,1017350008,2015,3
1053903,1017350008,2016,3
1085358,1019870037,2018,4
1085358,1019870037,2016,4
1085358,1019870037,2017,4
1085358,1019870037,2015,4
1085357,1019870024,2018,4
1085357,1019870024,2017,4
1085357,1019870024,2016,4
1085357,1019870024,2015,4
3342871,3042130016,2015,4
3342869,3042130001,2015,4
3342507,3042130001,2015,4
3342860,3042130001,2015,4
3342860,3042130001,2016,4
3342861,3042130001,2015,4
3342861,3042130001,2016,4
3342862,3042130001,2018,4
3342862,3042130001,2017,4
3342862,3042130001,2015,4
3342862,3042130001,2016,4
3342863,3042130001,2015,4
3342863,3042130001,2016,4
3342864,3042130001,2015,4
3342872,3042130016,2015,4
3342873,3042130016,2015,4
3342875,3042130016,2015,4
3342876,3042130016,2015,4
3342877,3042130016,2015,4
3342877,3042130016,2016,4
3342878,3042130016,2015,4
3342866,3042130001,2015,4
3342867,3042130001,2015,4
3342868,3042130001,2015,4
3342870,3042130001,2015,4
2088408,2031820004,2018,4
2088408,2031820004,2015,4
2088408,2031820004,2016,4
2099975,2031820019,2018,4
2099975,2031820019,2017,4
2099975,2031820019,2016,4
2099975,2031820019,2015,4
2014264,2031980050,2018,4
2014264,2031980050,2015,4
2014264,2031980050,2016,4
2014537,2032090009,2018,4
2014537,2032090009,2017,4
2014537,2032090009,2015,4
2014537,2032090009,2016,4
2013884,2031720008,2018,4
2013884,2031720008,2017,4
2013884,2031720008,2016,4
2013884,2031720008,2015,4
3035759,3013460009,2017,4
3082621,3036140032,2017,4
3082621,3036140032,2018,4
3082621,3036140032,2016,4
3082595,3036130038,2016,4
3097256,3043210009,2015,4
3097256,3043210009,2016,4
3035731,3013440104,2015,4
3035731,3013440104,2016,4
3035739,3013440118,2015,4
3035745,3013440124,2015,4
3035745,3013440124,2016,4
3083944,3037410017,2015,4
3028649,3011550077,2018,4
3028649,3011550077,2016,4
3030928,3012250020,2017,4
3030928,3012250020,2016,4
3083940,3037410013,2015,4
1000000,1009670001,2017,0
2013578,2031520003,2015,4
2013578,2031520003,2018,4
2013578,2031520003,2016,4
2013578,2031520003,2017,4
2013313,2031430124,2017,4
2011193,2030310033,2017,4
2011193,2030310033,2016,4
2011193,2030310033,2015,4
2011193,2030310033,2018,4
2011215,2030320002,2015,4
2011215,2030320002,2016,4
2011215,2030320002,2017,4
2011215,2030320002,2018,4
2011198,2030310038,2018,4
2011198,2030310038,2015,4
2011198,2030310038,2017,4
2016628,2032870062,2015,4
2016628,2032870062,2016,4
2011349,2030390003,2016,4
2011349,2030390003,2017,4
3323276,3003730046,2017,4
3323276,3003730046,2015,4
3323276,3003730046,2016,4
3008346,3005260015,2017,4
3008350,3005260020,2015,4
3008350,3005260020,2018,4
3008350,3005260020,2017,4
3008351,3005260020,2018,4
3008351,3005260020,2017,4
3008351,3005260020,2016,4
3008351,3005260020,2015,4
3008383,3005300010,2017,4
3008383,3005300010,2018,4
3008383,3005300010,2016,4
3323275,3003730046,2017,4
3323275,3003730046,2016,4
2097173,2025240050,2018,4
2097173,2025240050,2016,4
2097173,2025240050,2017,4
2091242,2024400001,2017,4
2091242,2024400001,2018,4
2091242,2024400001,2015,4
2013169,2031240066,2018,4
2013169,2031240066,2017,4
2013169,2031240066,2015,4
2013169,2031240066,2016,4
1075479,1019700002,2018,2
1075479,1019700002,2017,2
1075479,1019700002,2016,2
1075479,1019700002,2015,2
3413938,3014470001,2017,4
2012994,2031110004,2018,4
2012994,2031110004,2016,4
2009945,2029480058,2018,4
2009945,2029480058,2017,4
2009945,2029480058,2016,4
2000000,2029120025,2018,0
2000000,2029120025,2017,0
3049616,3017780049,2018,4
3049616,3017780049,2015,4
3049616,3017780049,2016,4
2010050,2029550044,2018,3
2010050,2029550044,2017,3
2010050,2029550044,2015,3
2010050,2029550044,2016,3
1004552,1003790032,2018,4
1004552,1003790032,2015,4
1004885,1003930022,2016,4
1004885,1003930022,2015,4
1055683,1018430014,2018,4
1055683,1018430014,2015,4
1055683,1018430014,2017,4
1055683,1018430014,2016,4
1055684,1018430015,2018,4
1055684,1018430015,2017,4
1055684,1018430015,2015,4
1055684,1018430015,2016,4
1055685,1018430016,2017,4
1055685,1018430016,2016,4
1055685,1018430016,2018,4
1055685,1018430016,2015,4
1089788,1022380033,2018,0
3000000,3020337502,2016,3
2005336,2026950040,2018,4
2005336,2026950040,2017,4
2005762,2027230029,2018,4
2005762,2027230029,2017,4
1084666,1009337501,2017,0
1064521,1022150042,2018,2
1064521,1022150042,2017,2
1064521,1022150042,2016,2
4030453,4013057501,2017,0
4030453,4013057501,2016,0
4030453,4013057501,2015,0
2012218,2030760011,2016,4
2012218,2030760011,2018,4
2012218,2030760011,2015,4
2092313,2031040001,2017,4
2092313,2031040001,2018,4
2092313,2031040001,2015,4
2012230,2030760039,2017,4
2012230,2030760039,2015,4
2012230,2030760039,2016,4
2092314,2031040001,2017,4
2092315,2031040001,2015,4
2092315,2031040001,2016,4
2092315,2031040001,2017,4
1055508,1018400060,2017,3
3413699,3038057501,2018,4
3413699,3038057501,2016,4
3421640,3038047501,2017,4
3421640,3038047501,2018,4
3421640,3038047501,2016,4
3000000,3038207501,2016,4
3418180,3038197501,2016,4
